﻿[
  {
    "Name": "milk",
    "UnitPrice": 300,
    "Quantity": {
      "Value": 5,
      "Unit": "l"
    }
  },
  {
    "Name": "apple",
    "UnitPrice": 594,
    "Quantity": {
      "Value": 1.4,
      "Unit": "kg"
    }
  },
  {
    "Name": "book",
    "UnitPrice": 1500,
    "Quantity": {
      "Value": 6,
      "Unit": "pcs"
    }
  },
  {
    "Name": "grape",
    "UnitPrice": 1200,
    "Quantity": {
      "Value": 2.5,
      "Unit": "kg"
    }
  },
  {
    "Name": "spoon",
    "UnitPrice": 150,
    "Quantity": {
      "Value": 10,
      "Unit": "pcs"
    }
  }
]