[
	{
		"jatekos1": "This Is Sparta",
		"jatekos2": "TracThor"
	},
	{
		"jatekos1": "Lone Unsullied",
		"jatekos2": "RobinHood42"
	},
	{
		"jatekos1": "Gandalf25",
		"jatekos2": "Harry Potter"
	},
	{
		"jatekos1": "Szoke herceg",
		"jatekos2": "MrLegolas"
	},
	{
		"jatekos1": "Harry Potter",
		"jatekos2": "Lone Unsullied"
	},
	{
		"jatekos1": "TracThor",
		"jatekos2": "MrLegolas"
	},
	{
		"jatekos1": "OsMagus12",
		"jatekos2": "Gandalf25"
	},
	{
		"jatekos1": "This Is Sparta",
		"jatekos2": "Szoke herceg"
	},
	{
		"jatekos1": "Gandalf25",
		"jatekos2": "TracThor"
	},
	{
		"jatekos1": "RobinHood42",
		"jatekos2": "OsMagus12"
	}
]