{
	"nev": "Varosi rendezveny kozpont",
	"cim": "3214, Valami Varos, xy utca 10",
	"esemenyek": [
		{
			"nev": "szinhazi eloadas",
			"datum": "2023.06.20.",
			"kezdete": 19,
			"vege": 22,
			"resztvevok": 140
		},
		{
			"nev": "unnepi vacsora",
			"datum": "2023.05.19.",
			"kezdete": 20,
			"vege": 23,
			"resztvevok": 80
		},
		{
			"nev": "szerepjatek est",
			"datum": "2023.07.28.",
			"kezdete": 16,
			"vege": 23,
			"resztvevok": 25
		},
		{
			"nev": "festeszeti kiallitas",
			"datum": "2023.05.30.",
			"kezdete": 8,
			"vege": 19,
			"resztvevok": 583
		},
		{
			"nev": "virag vasar",
			"datum": "2023.06.03.",
			"kezdete": 10,
			"vege": 20,
			"resztvevok": 319
		},
		{
			"nev": "zenei est",
			"datum": "2023.06.11.",
			"kezdete": 18,
			"vege": 23,
			"resztvevok": 89
		}
	]
}