[
    {
        "Age": 3,
        "Id": "1234",
        "Name": "Epitokocka",
        "Price": 5890,
        "Quantity": 26
    },
    {
        "Age": 2,
        "Id": "0235",
        "Name": "Szenzoros konyv",
        "Price": 5480,
        "Quantity": 30
    },
    {
        "Age": 1,
        "Id": "7409",
        "Name": "Csorgolabda",
        "Price": 2690,
        "Quantity": 40
    },
    {
        "Age": 2,
        "Id": "9987",
        "Name": "Tuzoltoauto",
        "Price": 15990,
        "Quantity": 0
    }
]
